		TARA_039_DCM_0.8-5	TARA_038_DCM_0.8-5	TARA_041_DCM_0.8-5	TARA_036_SRF_180-2000	TARA_070_SRF_5-20	TARA_065_SRF_20-180	TARA_102_SRF_0.8->	TARA_102_DCM_0.8->	TARA_102_SRF_0.8-5	TARA_102_DCM_0.8-5	TARA_102_SRF_5-20	TARA_102_SRF_20-180	TARA_102_DCM_20-180	TARA_109_SRF_0.8-5	TARA_110_SRF_0.8-5	TARA_110_SRF_5-20	TARA_136_SRF_0.8->	TARA_136_SRF_0.8-5	TARA_142_DCM_5-20
Gene_ID	taxonomy	TARA_N000000007	TARA_N000000030	TARA_N000000072	TARA_N000000313	TARA_N000000682	TARA_N000000968	TARA_N000001646	TARA_N000001648	TARA_N000001650	TARA_N000001652	TARA_N000001654	TARA_N000001658	TARA_N000001660	TARA_N000001730	TARA_N000001750	TARA_N000001754	TARA_N000002959	TARA_N000002961	TARA_N000003102
MATOU-v1_11207217	root; cellular organisms; Eukaryota; Viridiplantae; Chlorophyta; prasinophytes; unclassified Prasinophyceae; Prasinophyceae sp. CCMP1205	2.5449320392398E-7	1.7066140651517E-8	2.3265210595861E-8	0	0	1.6740119760845E-8	0	1.2326197257472E-8	0	0	0	0	2.98793172377E-8	0	0	0	0	0	2.2126210576954E-8
MATOU-v1_75964804	root; cellular organisms; Eukaryota; Viridiplantae; Chlorophyta; prasinophytes; unclassified Prasinophyceae	0	2.5165298236913E-8	0	3.2883735123372E-8	2.8550230643063E-8	0	1.4993137952762E-8	1.1532933614236E-8	3.6968342139223E-8	1.200469560514E-8	3.1889459863611E-7	2.8402271701055E-8	0	3.4857807456836E-8	2.5913665828386E-8	1.9105114424356E-8	1.4073913831617E-8	1.6376200355596E-8	0
